sell_month,net
1,117432.48
2,-81958.99
3,35536.86
4,797.0899999999997
5,-44273.12
6,-9641.760000000002
7,-17849.25
8,3613.2400000000002
9,8317.61
10,-37156.96
11,-104006.85
12,-72223.72
